titulo,coordenador,categoria,situacao,ano,data_de_inicio,data_de_termino,unidade
Projeto Virada Ambiental,VICENTE DA ROCHA SOARES FERREIRA,PROJETO,EM EXECUÇÃO,2025,2020-12-31,2025-03-10,ESCOLA DE ENGENHARIA CIVIL E AMBIENTAL
"Jornalismo de dados, checagem de fatos e combate à desinformação - Observatório Jornalístico Universitário (OJU)",AUGUSTO CESAR CANDIDO DE OLIVEIRA,PROJETO,EM EXECUÇÃO,2025,2024-09-25,2026-07-31,FACULDADE DE INFORMAÇÃO E COMUNICAÇÃO
Olimpíada de Matemática do Estado de Goiás - Edições XXXIV e XXXV,GREGORY DURAN CUNHA,PROJETO,EM EXECUÇÃO,2025,2025-01-10,2026-01-31,INSTITUTO DE MATEMÁTICA E ESTATÍSTICA
Olimpíada de Matemática do Estado de Goiás - Edições XXXIV e XXXV,LIDIANE DOS SANTOS MONTEIRO LIMA,PROJETO,EM EXECUÇÃO,2025,2025-01-10,2026-01-31,INSTITUTO DE MATEMÁTICA E ESTATÍSTICA
Olimpíada de Matemática do Estado de Goiás - Edições XXXIV e XXXV,ROSANE GOMES PEREIRA,PROJETO,EM EXECUÇÃO,2025,2025-01-10,2026-01-31,INSTITUTO DE MATEMÁTICA E ESTATÍSTICA
Goiás: Cidade Estelar,ELISA CAROLINA ARIZONO,PROJETO,EM EXECUÇÃO,2025,2025-02-07,2026-12-31,INSTITUTO DE ESTUDOS SÓCIO-AMBIENTAIS
Goiás: Cidade Estelar,GUSTAVO RAMOS JORDAO,PROJETO,EM EXECUÇÃO,2025,2025-02-07,2026-12-31,INSTITUTO DE ESTUDOS SÓCIO-AMBIENTAIS
Goiás: Cidade Estelar,LUCIENE DA SILVA COELHO,PROJETO,EM EXECUÇÃO,2025,2025-02-07,2026-12-31,INSTITUTO DE ESTUDOS SÓCIO-AMBIENTAIS
Goiás: Cidade Estelar,MANOEL ALVES RODRIGUES JUNIOR,PROJETO,EM EXECUÇÃO,2025,2025-02-07,2026-12-31,INSTITUTO DE ESTUDOS SÓCIO-AMBIENTAIS
Goiás: Cidade Estelar,MICHELE FERREIRA MARTINS,PROJETO,EM EXECUÇÃO,2025,2025-02-07,2026-12-31,INSTITUTO DE ESTUDOS SÓCIO-AMBIENTAIS
Goiás: Cidade Estelar,NORTON GOMES DE ALMEIDA,PROJETO,EM EXECUÇÃO,2025,2025-02-07,2026-12-31,INSTITUTO DE ESTUDOS SÓCIO-AMBIENTAIS
Goiás: Cidade Estelar,PAULO HENRIQUE AZEVEDO SOBREIRA,PROJETO,EM EXECUÇÃO,2025,2025-02-07,2026-12-31,INSTITUTO DE ESTUDOS SÓCIO-AMBIENTAIS
Goiás: Cidade Estelar,PEDRO HENRIQUE GOTTARDI SILVA FIALHO,PROJETO,EM EXECUÇÃO,2025,2025-02-07,2026-12-31,INSTITUTO DE ESTUDOS SÓCIO-AMBIENTAIS
Goiás: Cidade Estelar,RAFAEL MILONI SANTUCCI,PROJETO,EM EXECUÇÃO,2025,2025-02-07,2026-12-31,INSTITUTO DE ESTUDOS SÓCIO-AMBIENTAIS
"Jornalismo de dados, checagem de fatos e combate à desinformação - Observatório Jornalístico Universitário (OJU)",LEONARDO LUIZ DE SOUZA REZIO,PROJETO,EM EXECUÇÃO,2025,2025-02-21,2026-07-31,FACULDADE DE INFORMAÇÃO E COMUNICAÇÃO
"Jornalismo de dados, checagem de fatos e combate à desinformação - Observatório Jornalístico Universitário (OJU)",LUCIANE FASSARELLA AGNEZ,PROJETO,EM EXECUÇÃO,2025,2025-02-21,2026-07-31,FACULDADE DE INFORMAÇÃO E COMUNICAÇÃO
"Jornalismo de dados, checagem de fatos e combate à desinformação - Observatório Jornalístico Universitário (OJU)",MARIZA FERNANDES DOS SANTOS,PROJETO,EM EXECUÇÃO,2025,2025-02-21,2026-07-31,FACULDADE DE INFORMAÇÃO E COMUNICAÇÃO
Ambulatório de Fisioterapia Esportiva (AmFE) da UFG,GABRIELA SOUZA DE VASCONCELOS,PROJETO,EM EXECUÇÃO,2025,2025-02-24,2030-12-31,INSTITUTO DE PATOLOGIA TROPICAL E SAÚDE PÚBLICA
"Sarau (R)Existimos, Tecendo prosas, versos, cantorias e autonomias como cuidado em saúde mental",FERNANDO LACERDA JUNIOR,PROJETO,EM EXECUÇÃO,2025,2025-03-10,2026-12-31,FACULDADE DE EDUCAÇÃO
"Sarau (R)Existimos, Tecendo prosas, versos, cantorias e autonomias como cuidado em saúde mental",GARDENIA DE SOUZA FURTADO LEMOS,PROJETO,EM EXECUÇÃO,2025,2025-03-10,2026-12-31,FACULDADE DE EDUCAÇÃO
"Sarau (R)Existimos, Tecendo prosas, versos, cantorias e autonomias como cuidado em saúde mental",LARISSA ARBUES CARNEIRO,PROJETO,EM EXECUÇÃO,2025,2025-03-10,2026-12-31,FACULDADE DE EDUCAÇÃO
"Sarau (R)Existimos, Tecendo prosas, versos, cantorias e autonomias como cuidado em saúde mental",MARCOS LINHARES GOES,PROJETO,EM EXECUÇÃO,2025,2025-03-10,2026-12-31,FACULDADE DE EDUCAÇÃO
Projeto Virada Ambiental,DENILSON TEIXEIRA,PROJETO,EM EXECUÇÃO,2025,2025-03-10,2030-03-09,ESCOLA DE ENGENHARIA CIVIL E AMBIENTAL
Projeto Virada Ambiental,EMILIANO LOBO DE GODOI,PROJETO,EM EXECUÇÃO,2025,2025-03-10,2030-03-09,ESCOLA DE ENGENHARIA CIVIL E AMBIENTAL
Projeto Virada Ambiental,ERIBERTO FRANCISCO BEVILAQUA MARIN,PROJETO,EM EXECUÇÃO,2025,2025-03-10,2030-03-09,ESCOLA DE ENGENHARIA CIVIL E AMBIENTAL
Projeto Virada Ambiental,FABIO VENTUROLI,PROJETO,EM EXECUÇÃO,2025,2025-03-10,2030-03-09,ESCOLA DE ENGENHARIA CIVIL E AMBIENTAL
Projeto Virada Ambiental,HELENO DIAS FERREIRA,PROJETO,EM EXECUÇÃO,2025,2025-03-10,2030-03-09,ESCOLA DE ENGENHARIA CIVIL E AMBIENTAL
Projeto Virada Ambiental,JULIANA BARBOSA E QUEIROZ,PROJETO,EM EXECUÇÃO,2025,2025-03-10,2030-03-09,ESCOLA DE ENGENHARIA CIVIL E AMBIENTAL
Projeto Virada Ambiental,MARCELO STEHLING DE CASTRO,PROJETO,EM EXECUÇÃO,2025,2025-03-10,2030-03-09,ESCOLA DE ENGENHARIA CIVIL E AMBIENTAL
Projeto Virada Ambiental,NAYARA PEREIRA REZENDE DE SOUSA,PROJETO,EM EXECUÇÃO,2025,2025-03-10,2030-03-09,ESCOLA DE ENGENHARIA CIVIL E AMBIENTAL
Projeto Virada Ambiental,NILSON CLEMENTINO FERREIRA,PROJETO,EM EXECUÇÃO,2025,2025-03-10,2030-03-09,ESCOLA DE ENGENHARIA CIVIL E AMBIENTAL
Treinamentos e competições em programação esportiva,BRUNO RANGEL BORGES MARCHETTI,PROJETO,EM EXECUÇÃO,2025,2025-03-20,2027-12-31,INSTITUTO DE INFORMÁTICA
Treinamentos e competições em programação esportiva,CARLOS EDUARDO DO EGITO ARAUJO,PROJETO,EM EXECUÇÃO,2025,2025-03-20,2027-12-31,INSTITUTO DE INFORMÁTICA
Treinamentos e competições em programação esportiva,DANILO SILVA RAMOS,PROJETO,EM EXECUÇÃO,2025,2025-03-20,2027-12-31,INSTITUTO DE INFORMÁTICA
Treinamentos e competições em programação esportiva,DELVO RESENDE,PROJETO,EM EXECUÇÃO,2025,2025-03-20,2027-12-31,INSTITUTO DE INFORMÁTICA
Treinamentos e competições em programação esportiva,FAUSTO DA SILVA MORAES,PROJETO,EM EXECUÇÃO,2025,2025-03-20,2027-12-31,INSTITUTO DE INFORMÁTICA
Treinamentos e competições em programação esportiva,GUSTAVO MACHADO LEAL,PROJETO,EM EXECUÇÃO,2025,2025-03-20,2027-12-31,INSTITUTO DE INFORMÁTICA
Treinamentos e competições em programação esportiva,HEBERT COELHO DA SILVA,PROJETO,EM EXECUÇÃO,2025,2025-03-20,2027-12-31,INSTITUTO DE INFORMÁTICA
Treinamentos e competições em programação esportiva,HUMBERTO JOSE LONGO,PROJETO,EM EXECUÇÃO,2025,2025-03-20,2027-12-31,INSTITUTO DE INFORMÁTICA
Treinamentos e competições em programação esportiva,JULLIANO ROSA NASCIMENTO,PROJETO,EM EXECUÇÃO,2025,2025-03-20,2027-12-31,INSTITUTO DE INFORMÁTICA
Treinamentos e competições em programação esportiva,LEIZER DE LIMA PINTO,PROJETO,EM EXECUÇÃO,2025,2025-03-20,2027-12-31,INSTITUTO DE INFORMÁTICA
Treinamentos e competições em programação esportiva,MAYCON BATISTA SPIRLANDELLI,PROJETO,EM EXECUÇÃO,2025,2025-03-20,2027-12-31,INSTITUTO DE INFORMÁTICA
Treinamentos e competições em programação esportiva,PATRICIA GALUCIO COQUEIRO,PROJETO,EM EXECUÇÃO,2025,2025-03-20,2027-12-31,INSTITUTO DE INFORMÁTICA
Treinamentos e competições em programação esportiva,WELLINGTON SANTOS MARTINS,PROJETO,EM EXECUÇÃO,2025,2025-03-20,2027-12-31,INSTITUTO DE INFORMÁTICA
LIGA ACADÊMICA DE CIRURGIA PLÁSTICA (LACIP),PAULO RENATO SIMMONS DE PAULA,PROJETO,EM EXECUÇÃO,2025,2025-03-25,2026-08-10,FACULDADE DE MEDICINA
Cine Cajazeira,CICERO JOSINALDO DA SILVA OLIVEIRA,PROJETO,EM EXECUÇÃO,2025,2025-03-27,2026-08-15,UNID. ACAD. ESP/CIENCIAS HUMANAS - GOI
Cine Cajazeira,HEVELY SAMILY AVELINO DE SANTANA,PROJETO,EM EXECUÇÃO,2025,2025-03-27,2026-08-15,UNID. ACAD. ESP/CIENCIAS HUMANAS - GOI
Cine Cajazeira,JULIA SEBBA RAMALHO MORAIS,PROJETO,EM EXECUÇÃO,2025,2025-03-27,2026-08-15,UNID. ACAD. ESP/CIENCIAS HUMANAS - GOI
Cerrado em cores,ANDRELISA SANTOS DE JESUS,PROJETO,EM EXECUÇÃO,2025,2025-03-28,2030-08-31,FACULDADE DE CIÊNCIAS E TECNOLOGIA
Cerrado em cores,GRADISCA DE OLIVEIRA WERNECK DE CAPISTRANO,PROJETO,EM EXECUÇÃO,2025,2025-03-28,2030-08-31,FACULDADE DE CIÊNCIAS E TECNOLOGIA
Cerrado em cores,RAPHAELA DE CASTRO GEORG,PROJETO,EM EXECUÇÃO,2025,2025-03-28,2030-08-31,FACULDADE DE CIÊNCIAS E TECNOLOGIA
Cerrado em cores,VANESSA GISELE PASQUALOTTO SEVERINO,PROJETO,EM EXECUÇÃO,2025,2025-03-28,2030-08-31,FACULDADE DE CIÊNCIAS E TECNOLOGIA
Olimpíada de Matemática do Estado de Goiás - Edições XXXIV e XXXV,OTAVIO MARCAL LEANDRO GOMIDE,PROJETO,EM EXECUÇÃO,2025,2025-04-01,2026-02-23,INSTITUTO DE MATEMÁTICA E ESTATÍSTICA
Olimpíada de Matemática do Estado de Goiás - Edições XXXIV e XXXV,ADRIANA ARAUJO CINTRA,PROJETO,EM EXECUÇÃO,2025,2025-04-01,2027-04-01,INSTITUTO DE MATEMÁTICA E ESTATÍSTICA
Olimpíada de Matemática do Estado de Goiás - Edições XXXIV e XXXV,ANA PAULA DE ARAUJO CHAVES,PROJETO,EM EXECUÇÃO,2025,2025-04-01,2027-04-01,INSTITUTO DE MATEMÁTICA E ESTATÍSTICA
Olimpíada de Matemática do Estado de Goiás - Edições XXXIV e XXXV,DOUGLAS HILARIO DA CRUZ,PROJETO,EM EXECUÇÃO,2025,2025-04-01,2027-04-01,INSTITUTO DE MATEMÁTICA E ESTATÍSTICA
Olimpíada de Matemática do Estado de Goiás - Edições XXXIV e XXXV,FRANCISCO BRUNO DE LIMA HOLANDA,PROJETO,EM EXECUÇÃO,2025,2025-04-01,2027-04-01,INSTITUTO DE MATEMÁTICA E ESTATÍSTICA
Olimpíada de Matemática do Estado de Goiás - Edições XXXIV e XXXV,GREGORY DURAN CUNHA,PROJETO,EM EXECUÇÃO,2025,2025-04-01,2027-04-01,INSTITUTO DE MATEMÁTICA E ESTATÍSTICA
Olimpíada de Matemática do Estado de Goiás - Edições XXXIV e XXXV,KAMILA DA SILVA ANDRADE,PROJETO,EM EXECUÇÃO,2025,2025-04-01,2027-04-01,INSTITUTO DE MATEMÁTICA E ESTATÍSTICA
Olimpíada de Matemática do Estado de Goiás - Edições XXXIV e XXXV,LUIZ FERNANDO GONCALVES,PROJETO,EM EXECUÇÃO,2025,2025-04-01,2027-04-01,INSTITUTO DE MATEMÁTICA E ESTATÍSTICA
Olimpíada de Matemática do Estado de Goiás - Edições XXXIV e XXXV,MARCELO BEZERRA BARBOZA,PROJETO,EM EXECUÇÃO,2025,2025-04-01,2027-04-01,INSTITUTO DE MATEMÁTICA E ESTATÍSTICA
Olimpíada de Matemática do Estado de Goiás - Edições XXXIV e XXXV,ROSANE GOMES PEREIRA,PROJETO,EM EXECUÇÃO,2025,2025-04-01,2027-04-01,INSTITUTO DE MATEMÁTICA E ESTATÍSTICA
Olimpíada de Matemática do Estado de Goiás - Edições XXXIV e XXXV,TIAGO MOREIRA VARGAS,PROJETO,EM EXECUÇÃO,2025,2025-04-01,2027-04-01,INSTITUTO DE MATEMÁTICA E ESTATÍSTICA
Olimpíada de Matemática do Estado de Goiás - Edições XXXIV e XXXV,ULISSES JOSÉ GABRY,PROJETO,EM EXECUÇÃO,2025,2025-04-01,2027-04-01,INSTITUTO DE MATEMÁTICA E ESTATÍSTICA
Olimpíada de Matemática do Estado de Goiás - Edições XXXIV e XXXV,VALDIVINO VARGAS JUNIOR,PROJETO,EM EXECUÇÃO,2025,2025-04-01,2027-04-01,INSTITUTO DE MATEMÁTICA E ESTATÍSTICA
Cursinho Popular Comunidade FazArte,ALCIDES PONTES REMIJO,PROJETO,EM EXECUÇÃO,2025,2025-04-04,2027-12-31,FACULDADE DE EDUCAÇÃO
Cursinho Popular Comunidade FazArte,ALESSANDRA OLIVEIRA MACHADO VIEIRA,PROJETO,EM EXECUÇÃO,2025,2025-04-04,2027-12-31,FACULDADE DE EDUCAÇÃO
Cursinho Popular Comunidade FazArte,GEISA NUNES DE SOUZA MOZZER,PROJETO,EM EXECUÇÃO,2025,2025-04-04,2027-12-31,FACULDADE DE EDUCAÇÃO
Cursinho Popular Comunidade FazArte,SUYANE QUIRINO DE MELO,PROJETO,EM EXECUÇÃO,2025,2025-04-04,2027-12-31,FACULDADE DE EDUCAÇÃO
LIGA ACADÊMICA DE CUIDADO MULTIDIMENSIONAL A PESSOAS COM FERIDAS - LIGA  MULTIFERIDAS (2025-2026),CYNTHIA ASSIS DE BARROS NUNES,PROJETO,AGUARDANDO APROVAÇÃO DO(A) DIRETOR(A),2025,2025-04-11,2026-07-31,FACULDADE DE ENFERMAGEM
LIGA ACADÊMICA DE CUIDADO MULTIDIMENSIONAL A PESSOAS COM FERIDAS - LIGA  MULTIFERIDAS (2025-2026),HELIO GALDINO JUNIOR,PROJETO,AGUARDANDO APROVAÇÃO DO(A) DIRETOR(A),2025,2025-04-11,2026-07-31,FACULDADE DE ENFERMAGEM
LIGA ACADÊMICA DE CUIDADO MULTIDIMENSIONAL A PESSOAS COM FERIDAS - LIGA  MULTIFERIDAS (2025-2026),JAQUELINE EVANGELISTA DA COSTA BEZERRA,PROJETO,AGUARDANDO APROVAÇÃO DO(A) DIRETOR(A),2025,2025-04-11,2026-07-31,FACULDADE DE ENFERMAGEM
LIGA ACADÊMICA DE CUIDADO MULTIDIMENSIONAL A PESSOAS COM FERIDAS - LIGA  MULTIFERIDAS (2025-2026),LILIAN VARANDA PEREIRA,PROJETO,AGUARDANDO APROVAÇÃO DO(A) DIRETOR(A),2025,2025-04-11,2026-07-31,FACULDADE DE ENFERMAGEM
LIGA ACADÊMICA DE CUIDADO MULTIDIMENSIONAL A PESSOAS COM FERIDAS - LIGA  MULTIFERIDAS (2025-2026),MICHELE DIAS DA SILVA OLIVEIRA,PROJETO,AGUARDANDO APROVAÇÃO DO(A) DIRETOR(A),2025,2025-04-11,2026-07-31,FACULDADE DE ENFERMAGEM
LIGA ACADÊMICA DE CUIDADO MULTIDIMENSIONAL A PESSOAS COM FERIDAS - LIGA  MULTIFERIDAS (2025-2026),RUY DE SOUZA LINO JUNIOR,PROJETO,AGUARDANDO APROVAÇÃO DO(A) DIRETOR(A),2025,2025-04-11,2026-07-31,FACULDADE DE ENFERMAGEM
LIGA ACADÊMICA DE CUIDADO MULTIDIMENSIONAL A PESSOAS COM FERIDAS - LIGA  MULTIFERIDAS (2025-2026),THAIS DE OLIVEIRA CARNEIRO ALMEIDA,PROJETO,AGUARDANDO APROVAÇÃO DO(A) DIRETOR(A),2025,2025-04-11,2026-07-31,FACULDADE DE ENFERMAGEM
TID - Tratamento de Infecções Dentárias,CARLOS ESTRELA,PROJETO,EM EXECUÇÃO,2025,2025-04-14,2026-08-31,FACULDADE DE ODONTOLOGIA
TID - Tratamento de Infecções Dentárias,DANIEL DE ALMEIDA DECURCIO,PROJETO,EM EXECUÇÃO,2025,2025-04-14,2026-08-31,FACULDADE DE ODONTOLOGIA
TID - Tratamento de Infecções Dentárias,GIULLIANO CAIXETA SERPA,PROJETO,EM EXECUÇÃO,2025,2025-04-14,2026-08-31,FACULDADE DE ODONTOLOGIA
TID - Tratamento de Infecções Dentárias,JULIO ALMEIDA SILVA,PROJETO,EM EXECUÇÃO,2025,2025-04-14,2026-08-31,FACULDADE DE ODONTOLOGIA
TID - Tratamento de Infecções Dentárias,PATRICIA CORREIA DE SIQUEIRA,PROJETO,EM EXECUÇÃO,2025,2025-04-14,2026-08-31,FACULDADE DE ODONTOLOGIA
Programa de Intervenção e Prevenção da Obesidade para Crianças e Adolescentes - P.I.P.O.C.A.,ANA CAROLINE MARCELO RODRIGUES,PROJETO,EM EXECUÇÃO,2025,2025-04-15,2025-07-31,FACULDADE DE NUTRIÇÃO
Programa de Intervenção e Prevenção da Obesidade para Crianças e Adolescentes - P.I.P.O.C.A.,BARBARAH GREGORIO DE ARAUJO SOUZA,PROJETO,EM EXECUÇÃO,2025,2025-04-15,2025-07-31,FACULDADE DE NUTRIÇÃO
Programa de Intervenção e Prevenção da Obesidade para Crianças e Adolescentes - P.I.P.O.C.A.,MARIA DAS GRAÇAS FREITAS DE CARVALHO,PROJETO,EM EXECUÇÃO,2025,2025-04-15,2025-07-31,FACULDADE DE NUTRIÇÃO
Programa de Intervenção e Prevenção da Obesidade para Crianças e Adolescentes - P.I.P.O.C.A.,GILVO DE FARIAS JUNIOR,PROJETO,EM EXECUÇÃO,2025,2025-04-15,2028-04-15,FACULDADE DE NUTRIÇÃO
Programa de Intervenção e Prevenção da Obesidade para Crianças e Adolescentes - P.I.P.O.C.A.,GLEICY KELLY FERNANDES NUNES,PROJETO,EM EXECUÇÃO,2025,2025-04-15,2028-04-15,FACULDADE DE NUTRIÇÃO
Programa de Intervenção e Prevenção da Obesidade para Crianças e Adolescentes - P.I.P.O.C.A.,MARIA CLARET COSTA MONTEIRO HADLER,PROJETO,EM EXECUÇÃO,2025,2025-04-15,2028-04-15,FACULDADE DE NUTRIÇÃO
Programa de Intervenção e Prevenção da Obesidade para Crianças e Adolescentes - P.I.P.O.C.A.,SILVIA AGUIAR VALIM MONTEIRO GARCIA,PROJETO,EM EXECUÇÃO,2025,2025-04-15,2028-04-15,FACULDADE DE NUTRIÇÃO
GENINHAS: EDUCAÇÃO DAS RELAÇÕES ÉTNICO-RACIAIS EM CMEIS E ESCOLAS,ANA MARIA SILVA LEITE,PROJETO,EM EXECUÇÃO,2025,2025-04-15,2030-04-14,FACULDADE DE EDUCAÇÃO
GENINHAS: EDUCAÇÃO DAS RELAÇÕES ÉTNICO-RACIAIS EM CMEIS E ESCOLAS,RACHEL BENTA MESSIAS BASTOS,PROJETO,EM EXECUÇÃO,2025,2025-04-15,2030-04-14,FACULDADE DE EDUCAÇÃO
GENINHAS: EDUCAÇÃO DAS RELAÇÕES ÉTNICO-RACIAIS EM CMEIS E ESCOLAS,THAIS REGINA DE CARVALHO,PROJETO,EM EXECUÇÃO,2025,2025-04-15,2030-04-14,FACULDADE DE EDUCAÇÃO
Grupo de Estudos sobre Pacientes Especiais e Tratamento Odontológico - GEPETO,CYNARA DOS REIS BONFIM,PROJETO,EM EXECUÇÃO,2025,2025-04-16,2030-04-15,FACULDADE DE ODONTOLOGIA
Grupo de Estudos sobre Pacientes Especiais e Tratamento Odontológico - GEPETO,FRANCINE DO COUTO LIMA MOREIRA,PROJETO,EM EXECUÇÃO,2025,2025-04-16,2030-04-15,FACULDADE DE ODONTOLOGIA
Grupo de Estudos sobre Pacientes Especiais e Tratamento Odontológico - GEPETO,GEOVANNA DE CASTRO MORAIS MACHADO,PROJETO,EM EXECUÇÃO,2025,2025-04-16,2030-04-15,FACULDADE DE ODONTOLOGIA
Grupo de Estudos sobre Pacientes Especiais e Tratamento Odontológico - GEPETO,KARINE EVANGELISTA MARTINS ARRUDA,PROJETO,EM EXECUÇÃO,2025,2025-04-16,2030-04-15,FACULDADE DE ODONTOLOGIA
Grupo de Estudos sobre Pacientes Especiais e Tratamento Odontológico - GEPETO,NADIA DO LAGO COSTA,PROJETO,EM EXECUÇÃO,2025,2025-04-16,2030-04-15,FACULDADE DE ODONTOLOGIA
Grupo de Estudos sobre Pacientes Especiais e Tratamento Odontológico - GEPETO,PATRICIA CORREA DE FARIA,PROJETO,EM EXECUÇÃO,2025,2025-04-16,2030-04-15,FACULDADE DE ODONTOLOGIA
Grupo de Estudos sobre Pacientes Especiais e Tratamento Odontológico - GEPETO,THAIS DA SILVEIRA RODRIGUES,PROJETO,EM EXECUÇÃO,2025,2025-04-16,2030-04-15,FACULDADE DE ODONTOLOGIA
Grupo de Estudos sobre Pacientes Especiais e Tratamento Odontológico - GEPETO,VIRGILIO MOREIRA RORIZ,PROJETO,EM EXECUÇÃO,2025,2025-04-16,2030-04-15,FACULDADE DE ODONTOLOGIA
Curso de formação para enfermeiros(as) de Praia. ,DANILLO ALVES CAMPOS,PROJETO,EM EXECUÇÃO,2025,2025-04-17,2028-04-17,FACULDADE DE ENFERMAGEM
Curso de formação para enfermeiros(as) de Praia. ,HELLEN CRISTINA STHAL,PROJETO,EM EXECUÇÃO,2025,2025-04-17,2028-04-17,FACULDADE DE ENFERMAGEM
Curso de formação para enfermeiros(as) de Praia. ,KARLLA ANTONIETA AMORIM CAETANO,PROJETO,EM EXECUÇÃO,2025,2025-04-17,2028-04-17,FACULDADE DE ENFERMAGEM
Curso de formação para enfermeiros(as) de Praia. ,NATÁLIA DEL' ANGELO AREDES,PROJETO,EM EXECUÇÃO,2025,2025-04-17,2028-04-17,FACULDADE DE ENFERMAGEM
Curso de formação para enfermeiros(as) de Praia. ,ROXANA ISABEL CARDOZO GONZALES,PROJETO,EM EXECUÇÃO,2025,2025-04-17,2028-04-17,FACULDADE DE ENFERMAGEM
Divulgação ciêntifica do Intituto de Química,CINTIA CRISTINA SOUSA DIAS PALMA,PROJETO,EM EXECUÇÃO,2025,2025-05-05,2029-05-07,INSTITUTO DE QUÍMICA
Divulgação ciêntifica do Intituto de Química,CINTIA CRISTINA SOUSA DIAS PALMA,PROJETO,EM EXECUÇÃO,2025,2025-05-05,2029-05-07,INSTITUTO DE QUÍMICA
Divulgação ciêntifica do Intituto de Química,DANIELLE CANGUSSU DE CASTRO GOMES,PROJETO,EM EXECUÇÃO,2025,2025-05-05,2029-05-07,INSTITUTO DE QUÍMICA
Divulgação ciêntifica do Intituto de Química,DANIELLE CANGUSSU DE CASTRO GOMES,PROJETO,EM EXECUÇÃO,2025,2025-05-05,2029-05-07,INSTITUTO DE QUÍMICA
Divulgação ciêntifica do Intituto de Química,INTI DORACI CAVALCANTI MONTANO,PROJETO,EM EXECUÇÃO,2025,2025-05-05,2029-05-07,INSTITUTO DE QUÍMICA
Divulgação ciêntifica do Intituto de Química,INTI DORACI CAVALCANTI MONTANO,PROJETO,EM EXECUÇÃO,2025,2025-05-05,2029-05-07,INSTITUTO DE QUÍMICA
Divulgação ciêntifica do Intituto de Química,LUCILIA KATO,PROJETO,EM EXECUÇÃO,2025,2025-05-05,2029-05-07,INSTITUTO DE QUÍMICA
Divulgação ciêntifica do Intituto de Química,LUCILIA KATO,PROJETO,EM EXECUÇÃO,2025,2025-05-05,2029-05-07,INSTITUTO DE QUÍMICA
Divulgação ciêntifica do Intituto de Química,OLGA SOARES DO REGO BARROS,PROJETO,EM EXECUÇÃO,2025,2025-05-05,2029-05-07,INSTITUTO DE QUÍMICA
Divulgação ciêntifica do Intituto de Química,OLGA SOARES DO REGO BARROS,PROJETO,EM EXECUÇÃO,2025,2025-05-05,2029-05-07,INSTITUTO DE QUÍMICA
Divulgação ciêntifica do Intituto de Química,THAIS MELO AMORIM,PROJETO,EM EXECUÇÃO,2025,2025-05-05,2029-05-07,INSTITUTO DE QUÍMICA
Divulgação ciêntifica do Intituto de Química,THAIS MELO AMORIM,PROJETO,EM EXECUÇÃO,2025,2025-05-05,2029-05-07,INSTITUTO DE QUÍMICA
Divulgação ciêntifica do Intituto de Química,WENDELL KARLOS TOMAZELLI COLTRO,PROJETO,EM EXECUÇÃO,2025,2025-05-05,2029-05-07,INSTITUTO DE QUÍMICA
Divulgação ciêntifica do Intituto de Química,WENDELL KARLOS TOMAZELLI COLTRO,PROJETO,EM EXECUÇÃO,2025,2025-05-05,2029-05-07,INSTITUTO DE QUÍMICA
Curso de formação para enfermeiros(as) de Praia. ,ANA ELISA BAUER DE CAMARGO SILVA,PROJETO,EM EXECUÇÃO,2025,2025-06-23,2028-04-17,FACULDADE DE ENFERMAGEM
Curso de formação para enfermeiros(as) de Praia. ,CRISTIANA DA COSTA LUCIANO,PROJETO,EM EXECUÇÃO,2025,2025-06-23,2028-04-17,FACULDADE DE ENFERMAGEM
Curso de formação para enfermeiros(as) de Praia. ,CYNTHIA ASSIS DE BARROS NUNES,PROJETO,EM EXECUÇÃO,2025,2025-06-23,2028-04-17,FACULDADE DE ENFERMAGEM
Curso de formação para enfermeiros(as) de Praia. ,DOUGLAS JOSE NOGUEIRA,PROJETO,EM EXECUÇÃO,2025,2025-06-23,2028-04-17,FACULDADE DE ENFERMAGEM
Curso de formação para enfermeiros(as) de Praia. ,HELIO GALDINO JUNIOR,PROJETO,EM EXECUÇÃO,2025,2025-06-23,2028-04-17,FACULDADE DE ENFERMAGEM
Curso de formação para enfermeiros(as) de Praia. ,KARINA MACHADO SIQUEIRA,PROJETO,EM EXECUÇÃO,2025,2025-06-23,2028-04-17,FACULDADE DE ENFERMAGEM
Curso de formação para enfermeiros(as) de Praia. ,LARISSA SILVA MAGALHÃES,PROJETO,EM EXECUÇÃO,2025,2025-06-23,2028-04-17,FACULDADE DE ENFERMAGEM
Curso de formação para enfermeiros(as) de Praia. ,LILLIAN KELLY DE OLIVEIRA,PROJETO,EM EXECUÇÃO,2025,2025-06-23,2028-04-17,FACULDADE DE ENFERMAGEM
Curso de formação para enfermeiros(as) de Praia. ,MARCOS ANDRE DE MATOS,PROJETO,EM EXECUÇÃO,2025,2025-06-23,2028-04-17,FACULDADE DE ENFERMAGEM
Curso de formação para enfermeiros(as) de Praia. ,PATRICIA TAVARES DOS SANTOS,PROJETO,EM EXECUÇÃO,2025,2025-06-23,2028-04-17,FACULDADE DE ENFERMAGEM
Curso de formação para enfermeiros(as) de Praia. ,SUELEN GOMES MALAQUIAS,PROJETO,EM EXECUÇÃO,2025,2025-06-23,2028-04-17,FACULDADE DE ENFERMAGEM
Curso de formação para enfermeiros(as) de Praia. ,THAYNARA LORRANE SILVA MARTINS,PROJETO,EM EXECUÇÃO,2025,2025-06-23,2028-04-17,FACULDADE DE ENFERMAGEM
Curso de formação para enfermeiros(as) de Praia. ,VIRGINIA VISCONDE BRASIL,PROJETO,EM EXECUÇÃO,2025,2025-06-23,2028-04-17,FACULDADE DE ENFERMAGEM
Cursinho Popular Comunidade FazArte,AGUSTINA ROSA ECHEVERRIA,PROJETO,EM EXECUÇÃO,2025,2025-07-05,2027-12-31,FACULDADE DE EDUCAÇÃO
Curso de formação para enfermeiros(as) de Praia. ,MARIA MARCIA BACHION,PROJETO,EM EXECUÇÃO,2025,2025-07-14,2028-04-17,FACULDADE DE ENFERMAGEM
LIGA ACADÊMICA DE EDUCAÇÃO EM SAÚDE - 2025/2026 ,ALEXANDRE AGUIAR DOS SANTOS,PROJETO,EM EXECUÇÃO,2025,2025-07-21,2026-12-31,INSTITUTO DE CIENCIAS BIOLOGICAS
LIGA ACADÊMICA DE EDUCAÇÃO EM SAÚDE - 2025/2026 ,DAMARIS NUNES DE LIMA ROCHA MORAIS,PROJETO,EM EXECUÇÃO,2025,2025-07-21,2026-12-31,INSTITUTO DE CIENCIAS BIOLOGICAS
LIGA ACADÊMICA DE EDUCAÇÃO EM SAÚDE - 2025/2026 ,FRANCISCO ANTONIO DE CASTRO,PROJETO,EM EXECUÇÃO,2025,2025-07-21,2026-12-31,INSTITUTO DE CIENCIAS BIOLOGICAS
LIGA ACADÊMICA DE EDUCAÇÃO EM SAÚDE - 2025/2026 ,LUCIANA ALVES DE OLIVEIRA,PROJETO,EM EXECUÇÃO,2025,2025-07-21,2026-12-31,INSTITUTO DE CIENCIAS BIOLOGICAS
Pátio da Ciência 2025-2026,CARLOS AUGUSTO RIBEIRO JOTTA,PROJETO,EM EXECUÇÃO,2025,2025-08-01,2026-07-31,INSTITUTO DE FÍSICA
Pátio da Ciência 2025-2026,JEFFERSON ADRIANY RIBEIRO DA CUNHA,PROJETO,EM EXECUÇÃO,2025,2025-08-01,2026-07-31,INSTITUTO DE FÍSICA
Pátio da Ciência 2025-2026,JURACY LEANDRO DOS SANTOS JUNIOR,PROJETO,EM EXECUÇÃO,2025,2025-08-01,2026-07-31,INSTITUTO DE FÍSICA
Pátio da Ciência 2025-2026,MARCIO ADRIANO RODRIGUES SOUZA,PROJETO,EM EXECUÇÃO,2025,2025-08-01,2026-07-31,INSTITUTO DE FÍSICA
Pátio da Ciência 2025-2026,MARCUS CARRIAO DOS SANTOS,PROJETO,EM EXECUÇÃO,2025,2025-08-01,2026-07-31,INSTITUTO DE FÍSICA
LAINFi:  LIGANTES PROMOVENDO SAUDE E EDUCAÇÃO -2025-2026,ADELAIR HELENA DOS SANTOS,PROJETO,EM EXECUÇÃO,2025,2025-08-01,2026-07-31,INSTITUTO DE PATOLOGIA TROPICAL E SAÚDE PÚBLICA
LAINFi:  LIGANTES PROMOVENDO SAUDE E EDUCAÇÃO -2025-2026,ADELAIR HELENA DOS SANTOS,PROJETO,EM EXECUÇÃO,2025,2025-08-01,2026-07-31,INSTITUTO DE PATOLOGIA TROPICAL E SAÚDE PÚBLICA
LAINFi:  LIGANTES PROMOVENDO SAUDE E EDUCAÇÃO -2025-2026,ADELAIR HELENA DOS SANTOS,PROJETO,EM EXECUÇÃO,2025,2025-08-01,2026-07-31,INSTITUTO DE PATOLOGIA TROPICAL E SAÚDE PÚBLICA
LAINFi:  LIGANTES PROMOVENDO SAUDE E EDUCAÇÃO -2025-2026,ADRIANA DE MORAES COSTA CRESPO,PROJETO,EM EXECUÇÃO,2025,2025-08-01,2026-07-31,INSTITUTO DE PATOLOGIA TROPICAL E SAÚDE PÚBLICA
LAINFi:  LIGANTES PROMOVENDO SAUDE E EDUCAÇÃO -2025-2026,ADRIANA DE MORAES COSTA CRESPO,PROJETO,EM EXECUÇÃO,2025,2025-08-01,2026-07-31,INSTITUTO DE PATOLOGIA TROPICAL E SAÚDE PÚBLICA
LAINFi:  LIGANTES PROMOVENDO SAUDE E EDUCAÇÃO -2025-2026,ADRIANA DE MORAES COSTA CRESPO,PROJETO,EM EXECUÇÃO,2025,2025-08-01,2026-07-31,INSTITUTO DE PATOLOGIA TROPICAL E SAÚDE PÚBLICA
LAINFi:  LIGANTES PROMOVENDO SAUDE E EDUCAÇÃO -2025-2026,ALVERNE PASSOS BARBOSA,PROJETO,EM EXECUÇÃO,2025,2025-08-01,2026-07-31,INSTITUTO DE PATOLOGIA TROPICAL E SAÚDE PÚBLICA
LAINFi:  LIGANTES PROMOVENDO SAUDE E EDUCAÇÃO -2025-2026,ALVERNE PASSOS BARBOSA,PROJETO,EM EXECUÇÃO,2025,2025-08-01,2026-07-31,INSTITUTO DE PATOLOGIA TROPICAL E SAÚDE PÚBLICA
LAINFi:  LIGANTES PROMOVENDO SAUDE E EDUCAÇÃO -2025-2026,ALVERNE PASSOS BARBOSA,PROJETO,EM EXECUÇÃO,2025,2025-08-01,2026-07-31,INSTITUTO DE PATOLOGIA TROPICAL E SAÚDE PÚBLICA
LAINFi:  LIGANTES PROMOVENDO SAUDE E EDUCAÇÃO -2025-2026,ANA LUCIA OSORIO MAROCCOLO DE SOUSA,PROJETO,EM EXECUÇÃO,2025,2025-08-01,2026-07-31,INSTITUTO DE PATOLOGIA TROPICAL E SAÚDE PÚBLICA
LAINFi:  LIGANTES PROMOVENDO SAUDE E EDUCAÇÃO -2025-2026,ANA LUCIA OSORIO MAROCCOLO DE SOUSA,PROJETO,EM EXECUÇÃO,2025,2025-08-01,2026-07-31,INSTITUTO DE PATOLOGIA TROPICAL E SAÚDE PÚBLICA
LAINFi:  LIGANTES PROMOVENDO SAUDE E EDUCAÇÃO -2025-2026,ANA LUCIA OSORIO MAROCCOLO DE SOUSA,PROJETO,EM EXECUÇÃO,2025,2025-08-01,2026-07-31,INSTITUTO DE PATOLOGIA TROPICAL E SAÚDE PÚBLICA
LAINFi:  LIGANTES PROMOVENDO SAUDE E EDUCAÇÃO -2025-2026,ANA MARIA DE OLIVEIRA,PROJETO,EM EXECUÇÃO,2025,2025-08-01,2026-07-31,INSTITUTO DE PATOLOGIA TROPICAL E SAÚDE PÚBLICA
LAINFi:  LIGANTES PROMOVENDO SAUDE E EDUCAÇÃO -2025-2026,ANA MARIA DE OLIVEIRA,PROJETO,EM EXECUÇÃO,2025,2025-08-01,2026-07-31,INSTITUTO DE PATOLOGIA TROPICAL E SAÚDE PÚBLICA
LAINFi:  LIGANTES PROMOVENDO SAUDE E EDUCAÇÃO -2025-2026,ANA MARIA DE OLIVEIRA,PROJETO,EM EXECUÇÃO,2025,2025-08-01,2026-07-31,INSTITUTO DE PATOLOGIA TROPICAL E SAÚDE PÚBLICA
LAINFi:  LIGANTES PROMOVENDO SAUDE E EDUCAÇÃO -2025-2026,CAMILA FREIRE ARAUJO,PROJETO,EM EXECUÇÃO,2025,2025-08-01,2026-07-31,INSTITUTO DE PATOLOGIA TROPICAL E SAÚDE PÚBLICA
LAINFi:  LIGANTES PROMOVENDO SAUDE E EDUCAÇÃO -2025-2026,CAMILA FREIRE ARAUJO,PROJETO,EM EXECUÇÃO,2025,2025-08-01,2026-07-31,INSTITUTO DE PATOLOGIA TROPICAL E SAÚDE PÚBLICA
LAINFi:  LIGANTES PROMOVENDO SAUDE E EDUCAÇÃO -2025-2026,CAMILA FREIRE ARAUJO,PROJETO,EM EXECUÇÃO,2025,2025-08-01,2026-07-31,INSTITUTO DE PATOLOGIA TROPICAL E SAÚDE PÚBLICA
LAINFi:  LIGANTES PROMOVENDO SAUDE E EDUCAÇÃO -2025-2026,JÉSSICA YONARA DE SOUZA,PROJETO,EM EXECUÇÃO,2025,2025-08-01,2026-07-31,INSTITUTO DE PATOLOGIA TROPICAL E SAÚDE PÚBLICA
LAINFi:  LIGANTES PROMOVENDO SAUDE E EDUCAÇÃO -2025-2026,JÉSSICA YONARA DE SOUZA,PROJETO,EM EXECUÇÃO,2025,2025-08-01,2026-07-31,INSTITUTO DE PATOLOGIA TROPICAL E SAÚDE PÚBLICA
LAINFi:  LIGANTES PROMOVENDO SAUDE E EDUCAÇÃO -2025-2026,JÉSSICA YONARA DE SOUZA,PROJETO,EM EXECUÇÃO,2025,2025-08-01,2026-07-31,INSTITUTO DE PATOLOGIA TROPICAL E SAÚDE PÚBLICA
LAINFi:  LIGANTES PROMOVENDO SAUDE E EDUCAÇÃO -2025-2026,LUIZ CARLOS SILVA SOUZA,PROJETO,EM EXECUÇÃO,2025,2025-08-01,2026-07-31,INSTITUTO DE PATOLOGIA TROPICAL E SAÚDE PÚBLICA
LAINFi:  LIGANTES PROMOVENDO SAUDE E EDUCAÇÃO -2025-2026,LUIZ CARLOS SILVA SOUZA,PROJETO,EM EXECUÇÃO,2025,2025-08-01,2026-07-31,INSTITUTO DE PATOLOGIA TROPICAL E SAÚDE PÚBLICA
LAINFi:  LIGANTES PROMOVENDO SAUDE E EDUCAÇÃO -2025-2026,LUIZ CARLOS SILVA SOUZA,PROJETO,EM EXECUÇÃO,2025,2025-08-01,2026-07-31,INSTITUTO DE PATOLOGIA TROPICAL E SAÚDE PÚBLICA
LAINFi:  LIGANTES PROMOVENDO SAUDE E EDUCAÇÃO -2025-2026,MOARA ALVES SANTA BÁRBARA BORGES,PROJETO,EM EXECUÇÃO,2025,2025-08-01,2026-07-31,INSTITUTO DE PATOLOGIA TROPICAL E SAÚDE PÚBLICA
LAINFi:  LIGANTES PROMOVENDO SAUDE E EDUCAÇÃO -2025-2026,MOARA ALVES SANTA BÁRBARA BORGES,PROJETO,EM EXECUÇÃO,2025,2025-08-01,2026-07-31,INSTITUTO DE PATOLOGIA TROPICAL E SAÚDE PÚBLICA
LAINFi:  LIGANTES PROMOVENDO SAUDE E EDUCAÇÃO -2025-2026,MOARA ALVES SANTA BÁRBARA BORGES,PROJETO,EM EXECUÇÃO,2025,2025-08-01,2026-07-31,INSTITUTO DE PATOLOGIA TROPICAL E SAÚDE PÚBLICA
LAINFi:  LIGANTES PROMOVENDO SAUDE E EDUCAÇÃO -2025-2026,NADYA MACIEL BOMTEMPO,PROJETO,EM EXECUÇÃO,2025,2025-08-01,2026-07-31,INSTITUTO DE PATOLOGIA TROPICAL E SAÚDE PÚBLICA
LAINFi:  LIGANTES PROMOVENDO SAUDE E EDUCAÇÃO -2025-2026,NADYA MACIEL BOMTEMPO,PROJETO,EM EXECUÇÃO,2025,2025-08-01,2026-07-31,INSTITUTO DE PATOLOGIA TROPICAL E SAÚDE PÚBLICA
LAINFi:  LIGANTES PROMOVENDO SAUDE E EDUCAÇÃO -2025-2026,NADYA MACIEL BOMTEMPO,PROJETO,EM EXECUÇÃO,2025,2025-08-01,2026-07-31,INSTITUTO DE PATOLOGIA TROPICAL E SAÚDE PÚBLICA
LAINFi:  LIGANTES PROMOVENDO SAUDE E EDUCAÇÃO -2025-2026,YVES MAURO FERNANDES TERNES,PROJETO,EM EXECUÇÃO,2025,2025-08-01,2026-07-31,INSTITUTO DE PATOLOGIA TROPICAL E SAÚDE PÚBLICA
LAINFi:  LIGANTES PROMOVENDO SAUDE E EDUCAÇÃO -2025-2026,YVES MAURO FERNANDES TERNES,PROJETO,EM EXECUÇÃO,2025,2025-08-01,2026-07-31,INSTITUTO DE PATOLOGIA TROPICAL E SAÚDE PÚBLICA
LAINFi:  LIGANTES PROMOVENDO SAUDE E EDUCAÇÃO -2025-2026,YVES MAURO FERNANDES TERNES,PROJETO,EM EXECUÇÃO,2025,2025-08-01,2026-07-31,INSTITUTO DE PATOLOGIA TROPICAL E SAÚDE PÚBLICA
Ambulatório de Práticas Integrativas em Saúde (AMBPIS) da Faculdade de Enfermagem da UFG,EDEMILSON CARDOSO DA CONCEICAO,PROJETO,EM EXECUÇÃO,2025,2025-08-01,2026-07-31,FACULDADE DE ENFERMAGEM
Ambulatório de Práticas Integrativas em Saúde (AMBPIS) da Faculdade de Enfermagem da UFG,ELIANE SAYURI MIYAGI OKADA,PROJETO,EM EXECUÇÃO,2025,2025-08-01,2026-07-31,FACULDADE DE ENFERMAGEM
Ambulatório de Práticas Integrativas em Saúde (AMBPIS) da Faculdade de Enfermagem da UFG,FRANCISCO JOSE QUARESMA DE FIGUEIREDO,PROJETO,EM EXECUÇÃO,2025,2025-08-01,2026-07-31,FACULDADE DE ENFERMAGEM
Ambulatório de Práticas Integrativas em Saúde (AMBPIS) da Faculdade de Enfermagem da UFG,GEORGE OLIVEIRA SILVA,PROJETO,EM EXECUÇÃO,2025,2025-08-01,2026-07-31,FACULDADE DE ENFERMAGEM
Ambulatório de Práticas Integrativas em Saúde (AMBPIS) da Faculdade de Enfermagem da UFG,IANA MUNDIM DE OLIVEIRA,PROJETO,EM EXECUÇÃO,2025,2025-08-01,2026-07-31,FACULDADE DE ENFERMAGEM
Ambulatório de Práticas Integrativas em Saúde (AMBPIS) da Faculdade de Enfermagem da UFG,JAQUELINE EVANGELISTA DA COSTA BEZERRA,PROJETO,EM EXECUÇÃO,2025,2025-08-01,2026-07-31,FACULDADE DE ENFERMAGEM
Ambulatório de Práticas Integrativas em Saúde (AMBPIS) da Faculdade de Enfermagem da UFG,KEMILY ANDRADE DIAS,PROJETO,EM EXECUÇÃO,2025,2025-08-01,2026-07-31,FACULDADE DE ENFERMAGEM
Ambulatório de Práticas Integrativas em Saúde (AMBPIS) da Faculdade de Enfermagem da UFG,LUIZ CARLOS DA CUNHA,PROJETO,EM EXECUÇÃO,2025,2025-08-01,2026-07-31,FACULDADE DE ENFERMAGEM
Ambulatório de Práticas Integrativas em Saúde (AMBPIS) da Faculdade de Enfermagem da UFG,MARIA APARECIDA LOPES,PROJETO,EM EXECUÇÃO,2025,2025-08-01,2026-07-31,FACULDADE DE ENFERMAGEM
Ambulatório de Práticas Integrativas em Saúde (AMBPIS) da Faculdade de Enfermagem da UFG,MARIA DAS GRACAS DE SOUSA,PROJETO,EM EXECUÇÃO,2025,2025-08-01,2026-07-31,FACULDADE DE ENFERMAGEM
Ambulatório de Práticas Integrativas em Saúde (AMBPIS) da Faculdade de Enfermagem da UFG,MICHELE DIAS DA SILVA OLIVEIRA,PROJETO,EM EXECUÇÃO,2025,2025-08-01,2026-07-31,FACULDADE DE ENFERMAGEM
Ambulatório de Práticas Integrativas em Saúde (AMBPIS) da Faculdade de Enfermagem da UFG,NATÁLIA DEL' ANGELO AREDES,PROJETO,EM EXECUÇÃO,2025,2025-08-01,2026-07-31,FACULDADE DE ENFERMAGEM
Ambulatório de Práticas Integrativas em Saúde (AMBPIS) da Faculdade de Enfermagem da UFG,NILZA ALVES MARQUES ALMEIDA,PROJETO,EM EXECUÇÃO,2025,2025-08-01,2026-07-31,FACULDADE DE ENFERMAGEM
Ambulatório de Práticas Integrativas em Saúde (AMBPIS) da Faculdade de Enfermagem da UFG,SELMA RODRIGUES ALVES MONTEFUSCO,PROJETO,EM EXECUÇÃO,2025,2025-08-01,2026-07-31,FACULDADE DE ENFERMAGEM
Ambulatório de Práticas Integrativas em Saúde (AMBPIS) da Faculdade de Enfermagem da UFG,THAIS DE OLIVEIRA CARNEIRO ALMEIDA,PROJETO,EM EXECUÇÃO,2025,2025-08-01,2026-07-31,FACULDADE DE ENFERMAGEM
LIGA ACADÊMICA DE EDUCAÇÃO EM SAÚDE - 2025/2026 ,GEISA NUNES DE SOUZA MOZZER,PROJETO,EM EXECUÇÃO,2025,2025-09-04,2026-12-31,INSTITUTO DE CIENCIAS BIOLOGICAS
LIGA ACADÊMICA DE EDUCAÇÃO EM SAÚDE - 2025/2026 ,MAISA MIRALVA DA SILVA,PROJETO,EM EXECUÇÃO,2025,2025-09-04,2026-12-31,INSTITUTO DE CIENCIAS BIOLOGICAS
Cine Cajazeira,SILVIO CARLOS MARINHO RIBEIRO,PROJETO,EM EXECUÇÃO,2025,2025-11-03,2026-08-15,UNID. ACAD. ESP/CIENCIAS HUMANAS - GOI
Cursinho Popular Comunidade FazArte,CHAIANE DE MEDEIROS ROSA,PROJETO,EM EXECUÇÃO,2025,2025-12-08,2027-12-31,FACULDADE DE EDUCAÇÃO
Cursinho Popular Comunidade FazArte,FABIANO FORTUNATO TEIXEIRA DOS SANTOS,PROJETO,EM EXECUÇÃO,2025,2025-12-08,2027-12-31,FACULDADE DE EDUCAÇÃO
Olimpíada de Matemática do Estado de Goiás - Edições XXXIV e XXXV,GREGORY DURAN CUNHA,PROJETO,EM EXECUÇÃO,2025,2026-02-23,2027-04-01,INSTITUTO DE MATEMÁTICA E ESTATÍSTICA
"Jornalismo de dados, checagem de fatos e combate à desinformação - Observatório Jornalístico Universitário (OJU)",LEONARDO CESAR PEREIRA,PROJETO,EM EXECUÇÃO,2025,2026-03-10,2026-07-31,FACULDADE DE INFORMAÇÃO E COMUNICAÇÃO
